participant_id,device_rows,survey_days,sleep_nights,steps_days,steps_rows,hr_days,hr_rows
P001,1,28,28,28,40320,28,40320
P002,1,28,28,28,40320,28,40320
P003,1,28,28,28,40320,28,40320
P004,1,28,28,28,40320,28,40320
P005,1,28,28,28,40326,28,40326
P006,1,28,28,28,40320,28,40320
P007,1,28,28,28,40320,28,40320
P008,1,28,28,28,40320,28,40320
P009,1,28,28,28,40320,28,40320
P010,1,28,28,27,40326,27,40326
P011,1,28,28,28,40320,28,40320
P012,1,28,28,28,40320,28,40320
P013,1,28,28,28,40320,28,40320
P014,1,28,28,28,40320,28,40320
P015,1,28,28,28,40320,28,40320
P016,1,28,28,28,40320,28,40320
P017,1,28,28,28,40320,28,40320
P018,1,28,28,28,40320,28,40320
P019,1,28,28,27,40320,27,40320
P020,1,28,28,28,39960,28,39960
P021,1,28,28,28,40320,28,40320
P022,1,28,28,27,40320,27,40320
P023,1,28,28,28,40320,28,40320
P024,1,28,28,28,40320,28,40320
P025,1,28,28,27,40320,27,40320
P026,1,28,28,28,40320,28,40320
P027,1,28,28,28,40320,28,40320
P028,1,28,28,28,39960,28,39960
P029,1,28,28,28,40320,28,40320
P030,1,28,28,28,40320,28,40320
P031,1,28,28,28,40320,28,40320
P032,1,28,28,28,40320,28,40320
P033,1,28,28,28,40320,28,40320
P034,1,28,28,28,40326,28,40326
P035,1,28,28,28,40320,28,40320
P036,1,28,28,28,40320,28,40320
P037,1,28,28,28,40320,28,40320
P038,1,28,28,28,40320,28,40320
P039,1,28,28,28,40320,28,40320
P040,1,28,28,28,40326,28,40326
P041,1,28,28,28,39960,28,39960
P042,1,28,28,28,40320,28,40320
P043,1,28,28,28,40320,28,40320
P044,1,28,28,28,40320,28,40320
P045,1,28,28,28,40320,28,40320
P046,1,28,28,28,40320,28,40320
P047,1,28,28,28,40320,28,40320
P048,1,28,28,28,40320,28,40320
P049,1,28,28,28,40320,28,40320
P050,1,28,28,28,40326,28,40326
