participant_id,chronotype,mid_sleep_hour_median,sleep_onset_hour_median,total_sleep_min_mean,sleep_efficiency_pct_mean,deep_sleep_pct_mean,steps_total_mean,activity_midpoint_hour_mean,hr_resting_bpm_mean,nights
P001,B,2.551,-0.742,411.39285714285717,87.22571428571429,19.423214285714288,8477.535714285714,14.002928571428571,54.857142857142854,28
P002,A,2.577,-0.9664999999999999,404.25,87.015,17.643214285714286,6749.035714285715,14.005214285714285,65.39285714285714,28
P003,B,2.713,-0.758,405.42857142857144,87.0007142857143,19.73142857142857,8409.67857142857,14.022964285714284,60.57142857142857,28
P004,A,2.6315,-0.5920000000000001,409.92857142857144,86.67428571428573,18.64892857142857,10404.857142857143,13.980678571428571,62.142857142857146,28
P005,A,2.6125,-0.75,409.2142857142857,87.77071428571428,17.645357142857144,2769.6428571428573,13.961821428571431,69.0,28
P006,B,2.3064999999999998,-0.9584999999999999,405.85714285714283,87.00285714285714,19.18607142857143,13426.785714285714,14.003321428571427,59.07142857142857,28
P007,B,2.648,-0.767,405.74074074074076,86.59185185185186,19.05185185185185,6753.321428571428,14.018464285714286,63.32142857142857,27
P008,B,2.7415000000000003,-0.6085,416.82142857142856,86.29214285714285,18.463928571428568,6370.428571428572,14.002035714285709,63.142857142857146,28
P009,A,2.4974999999999996,-0.8835,414.07142857142856,86.88178571428571,18.673214285714288,4970.392857142857,14.003,65.0,28
P010,A,2.19,-1.0,400.14814814814815,86.83555555555557,17.42074074074074,11140.62962962963,13.98848148148148,60.7037037037037,27
P011,A,2.592,-0.667,415.0357142857143,87.28642857142857,17.15857142857143,10280.07142857143,14.03832142857143,61.714285714285715,28
P012,B,2.863,-0.633,420.0357142857143,86.42678571428573,19.386428571428578,12081.92857142857,14.01117857142857,66.85714285714286,28
P013,B,2.5285,-0.8585,414.5,87.45464285714287,19.913571428571426,10969.464285714286,14.0035,66.5,28
P014,B,2.553,-0.892,419.39285714285717,86.63214285714287,15.558928571428572,8962.57142857143,14.013035714285717,61.0,28
P015,A,3.2065,-0.492,437.42857142857144,87.7639285714286,17.724285714285717,9217.25,13.993964285714283,66.67857142857143,28
P016,A,2.6734999999999998,-0.8915,422.35714285714283,86.46321428571426,18.474285714285713,11111.75,14.00239285714286,53.0,28
P017,B,2.365,-0.9584999999999999,369.89285714285717,87.32000000000001,16.073928571428564,5544.892857142857,13.98989285714286,54.535714285714285,28
P018,B,2.293,-1.025,406.5357142857143,87.1914285714286,18.72142857142857,8086.035714285715,13.9885,59.642857142857146,28
P019,B,2.4555,-0.7669999999999999,390.89285714285717,86.92678571428571,17.471785714285712,9428.185185185184,13.996999999999998,62.370370370370374,28
P020,B,2.8680000000000003,-0.717,407.2857142857143,87.20107142857144,16.931071428571435,6813.777777777777,13.979111111111111,68.55555555555556,28
P021,A,2.597,-0.95,418.5357142857143,86.82142857142856,18.35607142857143,10443.357142857143,14.01982142857143,66.03571428571429,28
P022,A,2.8495,-0.8335,447.17857142857144,87.77607142857144,16.89785714285714,7110.666666666667,14.01148148148148,70.07407407407408,28
P023,B,2.637,-0.925,425.7857142857143,88.40392857142858,19.53714285714286,10341.785714285714,13.99342857142857,70.71428571428571,28
P024,A,2.783,-0.917,440.037037037037,87.86962962962963,18.054444444444442,8622.214285714286,14.01242857142857,65.17857142857143,27
P025,A,2.308,-0.9335,392.10714285714283,87.03892857142857,17.181428571428572,9605.518518518518,14.009148148148146,65.85185185185185,28
P026,B,2.286,-0.783,411.1111111111111,87.1885185185185,18.43,3491.8571428571427,14.001285714285718,66.60714285714286,27
P027,A,2.5475,-0.9,403.85714285714283,86.81178571428573,16.630357142857143,5503.892857142857,14.037999999999998,58.17857142857143,28
P028,A,2.5135,-0.8085,401.64285714285717,85.64535714285715,17.712857142857143,12384.333333333334,14.015481481481482,67.66666666666667,28
P029,A,2.4425,-0.8334999999999999,407.5,86.90321428571427,18.64785714285714,8687.07142857143,14.027892857142858,55.964285714285715,28
P030,A,2.322,-0.9415,409.32142857142856,87.17142857142858,18.88214285714286,7972.428571428572,13.97964285714286,65.46428571428571,28
P031,B,2.5895,-0.7165,402.75,86.40964285714287,14.786785714285715,11193.92857142857,14.008107142857146,60.0,28
P032,B,2.8135,-0.817,418.2142857142857,87.45607142857143,18.014999999999997,10513.82142857143,14.020071428571429,69.0,28
P033,A,2.8235,-0.8334999999999999,425.39285714285717,87.02607142857141,17.175,8040.928571428572,14.010250000000008,55.75,28
P034,A,2.481,-0.783,406.07142857142856,86.83500000000001,19.095714285714287,6241.607142857143,14.015357142857141,67.75,28
P035,A,2.436,-1.05,415.5,86.85115384615384,15.411153846153848,14319.607142857143,13.995249999999999,62.392857142857146,26
P036,B,2.3805,-0.983,406.64285714285717,87.55214285714284,20.121785714285718,10361.392857142857,14.001964285714283,62.5,28
P037,B,2.324,-0.8085,416.4642857142857,87.60785714285714,16.7225,3343.75,14.02025,50.0,28
P038,A,2.3725,-1.3585,419.85714285714283,86.31642857142857,17.031785714285714,10773.25,14.028428571428568,60.57142857142857,28
P039,A,2.712,-0.817,410.48148148148147,86.97814814814814,17.324074074074073,10574.214285714286,14.033999999999997,60.035714285714285,27
P040,B,2.9105,-0.7415,421.9642857142857,87.20428571428569,19.991785714285715,10730.92857142857,13.995928571428573,61.32142857142857,28
P041,A,2.4379999999999997,-0.9415,411.42857142857144,86.99214285714288,15.88857142857143,6925.074074074074,14.020037037037037,51.333333333333336,28
P042,B,2.2245,-1.017,403.17857142857144,87.98071428571428,19.19571428571428,12723.142857142857,13.992892857142857,65.28571428571429,28
P043,A,3.074,-0.575,416.5,88.06178571428573,16.376785714285713,5886.964285714285,14.004392857142859,68.35714285714286,28
P044,A,2.5119999999999996,-0.808,409.32142857142856,87.60107142857146,18.330357142857142,11887.92857142857,14.01407142857143,68.96428571428571,28
P045,A,2.985,-0.858,437.35714285714283,86.34035714285714,18.718928571428567,9067.607142857143,13.987892857142858,65.14285714285714,28
P046,B,2.6405000000000003,-0.85,399.89285714285717,87.47000000000001,18.978928571428575,13446.17857142857,14.020285714285716,66.0,28
P047,A,2.606,-0.6085,409.35714285714283,87.26178571428571,17.706071428571427,7003.178571428572,13.998321428571428,59.392857142857146,28
P048,A,2.5564999999999998,-1.0585,412.85714285714283,87.35535714285716,18.767500000000002,10380.464285714286,13.981107142857141,52.57142857142857,28
P049,A,2.2215,-1.3085,398.42857142857144,88.67035714285714,17.048928571428572,10776.892857142857,14.009249999999998,58.82142857142857,28
P050,B,2.495,-0.55,385.82142857142856,86.24785714285713,16.46535714285714,7237.25,13.96767857142857,69.0,28
