study_week,chronotype,n_participants,n_complete_days,n_nights,mid_sleep_hour_mean,total_sleep_min_mean,sleep_efficiency_pct_mean,deep_sleep_pct_mean,activity_midpoint_hour_mean,steps_total_mean,hr_resting_bpm_mean,readiness_score_mean
1,A,28,109,111,2.675,424.0,86.6,17.74,13.998,8885.7,62.28,4.92
1,B,22,87,88,2.357,398.6,87.33,18.6,14.005,9031.6,62.67,5.01
2,A,28,195,194,2.605,415.3,87.19,17.97,14.012,8864.6,62.47,4.99
2,B,22,154,154,2.468,402.9,87.17,18.35,13.998,9039.1,62.81,5.07
3,A,28,196,194,2.499,405.7,87.4,17.49,14.002,8891.3,62.39,4.85
3,B,22,154,152,2.496,414.6,87.13,17.85,14.009,9023.9,62.73,4.76
4,A,28,195,196,2.557,417.5,87.02,17.7,14.01,8902.2,62.63,4.77
4,B,22,153,154,2.553,406.6,86.88,18.39,13.999,9054.7,62.73,4.89
5,A,28,84,84,2.6,413.1,87.11,17.23,14.009,8867.7,62.49,4.82
5,B,22,66,66,2.719,416.2,87.32,18.41,14.004,9011.7,62.88,5.12
